Year,Temperature Max,Hours Open,Public Holiday,School Holiday,Day of the Week,Day of the Year,Crowd Size,Crowd Level
2020,8,12,1,1,4,366,16,Vacant
2020,12,12,0,1,3,365,16,Vacant
2020,13,12,0,1,2,364,16,Vacant
2020,14,12,0,1,1,363,16,Vacant
2020,13,12,0,1,7,362,16,Vacant
2020,12,12,0,1,6,361,16,Vacant
2020,14,12,0,1,5,360,16,Vacant
2020,13,12,0,0,4,359,16,Vacant
2020,14,12,0,0,3,358,16,Vacant
2020,12,12,0,0,2,357,16,Vacant
2020,11,12,0,0,1,356,16,Vacant
2020,9,12,0,0,7,355,16,Vacant
2020,9,12,0,0,6,354,16,Vacant
2020,12,12,0,0,5,353,16,Vacant
2020,9,12,0,0,4,352,16,Vacant
2020,10,12,0,0,3,351,16,Vacant
2020,11,12,0,0,2,350,16,Vacant
2020,13,12,0,0,1,349,16,Vacant
2020,15,12,0,0,7,348,16,Vacant
2020,15,12,0,0,6,347,16,Vacant
2020,14,12,0,0,5,346,16,Vacant
2020,12,12,0,0,4,345,16,Vacant
2020,12,12,0,0,3,344,16,Vacant
2020,17,12,0,0,2,343,16,Vacant
2020,16,12,0,0,1,342,16,Vacant
2020,14,12,0,0,7,341,16,Vacant
2020,9,12,0,0,6,340,16,Vacant
2020,14,12,0,0,5,339,16,Vacant
2020,11,12,0,0,4,338,16,Vacant
2020,10,12,0,0,3,337,16,Vacant
2020,15,12,0,0,2,336,16,Vacant
2020,15,12,0,0,1,335,16,Vacant
2020,14,12,0,0,7,334,16,Vacant
2020,17,12,0,0,6,333,16,Vacant
2020,13,12,0,0,5,332,16,Vacant
2020,19,12,0,0,4,331,16,Vacant
2020,12,12,0,0,3,330,16,Vacant
2020,14,12,0,0,2,329,16,Vacant
2020,21,12,1,0,1,328,16,Vacant
2020,19,12,0,0,7,327,16,Vacant
2020,21,12,0,0,6,326,16,Vacant
2020,24,12,0,0,5,325,16,Vacant
2020,25,12,0,0,4,324,16,Vacant
2020,21,12,0,0,3,323,16,Vacant
2020,21,12,0,0,2,322,16,Vacant
2020,21,12,0,0,1,321,16,Vacant
2020,19,12,0,0,7,320,16,Vacant
2020,20,12,0,0,6,319,16,Vacant
2020,19,12,0,0,5,318,16,Vacant
2020,13,12,0,0,4,317,16,Vacant
2020,17,12,0,0,3,316,16,Vacant
2020,17,12,0,0,2,315,16,Vacant
2020,18,12,0,0,1,314,16,Vacant
2020,22,12,0,0,7,313,16,Vacant
2020,21,12,0,0,6,312,16,Vacant
2020,16,12,0,0,5,311,16,Vacant
2020,19,12,0,0,4,310,16,Vacant
2020,19,12,0,0,3,309,16,Vacant
2020,17,12,1,0,2,308,16,Vacant
2020,21,12,0,0,1,307,16,Vacant
2020,20,12,0,0,7,306,16,Vacant
2020,19,12,0,0,6,305,16,Vacant
2020,19,12,0,0,5,304,16,Vacant
2020,23,12,0,0,4,303,16,Vacant
2020,20,12,0,0,3,302,16,Vacant
2020,21,12,0,0,2,301,16,Vacant
2020,23,12,0,0,1,300,16,Vacant
2020,21,12,0,0,7,299,16,Vacant
2020,21,12,0,0,6,298,16,Vacant
2020,18,12,0,0,5,297,16,Vacant
2020,22,12,0,0,4,296,16,Vacant
2020,22,12,0,0,3,295,16,Vacant
2020,21,12,0,0,2,294,16,Vacant
2020,17,12,0,0,1,293,16,Vacant
2020,20,12,0,0,7,292,16,Vacant
2020,17,12,0,0,6,291,16,Vacant
2020,20,12,0,0,5,290,16,Vacant
2020,20,12,0,0,4,289,16,Vacant
2020,23,12,0,0,3,288,16,Vacant
2020,27,12,0,0,2,287,16,Vacant
2020,25,12,0,0,1,286,16,Vacant
2020,23,12,0,0,7,285,16,Vacant
2020,17,12,0,0,6,284,16,Vacant
2020,15,12,0,0,5,283,16,Vacant
2020,16,12,0,0,4,282,16,Vacant
2020,24,12,0,0,3,281,16,Vacant
2020,25,12,0,0,2,280,16,Vacant
2020,25,12,0,0,1,279,16,Vacant
2020,26,12,0,0,7,278,16,Vacant
2020,26,12,0,0,6,277,16,Vacant
2020,27,12,0,0,5,276,16,Vacant
2020,24,12,0,0,4,275,16,Vacant
2020,25,12,0,0,3,274,16,Vacant
2020,23,12,0,0,2,273,16,Vacant
2020,27,12,0,0,1,272,16,Vacant
2020,24,12,0,0,7,271,16,Vacant
2020,20,12,0,0,6,270,16,Vacant
2020,21,12,0,0,5,269,16,Vacant
2020,22,12,0,0,4,268,16,Vacant
2020,23,12,0,0,3,267,16,Vacant
2020,28,12,1,0,2,266,16,Vacant
2020,26,12,1,0,1,265,16,Vacant
2020,24,12,0,0,7,264,16,Vacant
2020,27,12,0,0,6,263,16,Vacant
2020,33,12,0,0,5,262,16,Vacant
2020,28,12,0,0,4,261,16,Vacant
2020,28,12,0,0,3,260,16,Vacant
2020,28,12,0,0,2,259,16,Vacant
2020,27,12,0,0,1,258,16,Vacant
2020,28,12,0,0,7,257,16,Vacant
2020,28,12,0,0,6,256,16,Vacant
2020,33,12,0,0,5,255,16,Vacant
2020,32,12,0,0,4,254,16,Vacant
2020,34,12,0,0,3,253,16,Vacant
2020,34,12,0,0,2,252,16,Vacant
2020,31,12,0,0,1,251,16,Vacant
2020,30,12,0,0,7,250,16,Vacant
2020,34,12,0,0,6,249,16,Vacant
2020,35,12,0,0,5,248,16,Vacant
2020,33,12,0,0,4,247,16,Vacant
2020,32,12,0,0,3,246,16,Vacant
2020,27,12,0,0,2,245,16,Vacant
2020,33,12,0,1,1,244,16,Vacant
2020,35,12,0,1,7,243,16,Vacant
2020,35,12,0,1,6,242,16,Vacant
2020,35,12,0,1,5,241,16,Vacant
2020,34,12,0,1,4,240,16,Vacant
2020,34,12,0,1,3,239,16,Vacant
2020,32,12,0,1,2,238,16,Vacant
2020,32,12,0,1,1,237,16,Vacant
2020,29,12,0,1,7,236,16,Vacant
2020,35,12,0,1,6,235,16,Vacant
2020,36,12,0,1,5,234,16,Vacant
2020,35,12,0,1,4,233,16,Vacant
2020,34,12,0,1,3,232,16,Vacant
2020,34,12,0,1,2,231,16,Vacant
2020,37,12,0,1,1,230,16,Vacant
2020,35,12,0,1,7,229,16,Vacant
2020,36,12,0,1,6,228,16,Vacant
2020,34,12,0,1,5,227,16,Vacant
2020,36,12,0,1,4,226,16,Vacant
2020,36,12,0,1,3,225,16,Vacant
2020,37,12,0,1,2,224,16,Vacant
2020,35,12,1,1,1,223,16,Vacant
2020,35,12,0,1,7,222,16,Vacant
2020,32,12,0,1,6,221,16,Vacant
2020,35,12,0,1,5,220,16,Vacant
2020,33,12,0,1,4,219,16,Vacant
2020,34,12,0,1,3,218,16,Vacant
2020,33,12,0,1,2,217,16,Vacant
2020,32,12,0,1,1,216,16,Vacant
2020,32,12,0,1,7,215,16,Vacant
2020,32,12,0,1,6,214,16,Vacant
2020,30,12,0,1,5,213,16,Vacant
2020,27,12,0,1,4,212,16,Vacant
2020,26,12,0,1,3,211,16,Vacant
2020,31,12,0,1,2,210,16,Vacant
2020,31,12,0,1,1,209,16,Vacant
2020,31,12,0,1,7,208,16,Vacant
2020,27,12,0,1,6,207,16,Vacant
2020,27,12,1,1,5,206,16,Vacant
2020,26,12,1,1,4,205,16,Vacant
2020,30,12,0,1,3,204,16,Vacant
2020,29,12,0,1,2,203,16,Vacant
2020,32,12,0,1,1,202,16,Vacant
2020,29,12,0,0,7,201,16,Vacant
2020,22,12,0,0,6,200,16,Vacant
2020,21,12,0,0,5,199,16,Vacant
2020,25,12,0,0,4,198,16,Vacant
2020,23,12,0,0,3,197,16,Vacant
2020,24,12,0,0,2,196,16,Vacant
2020,25,12,0,0,1,195,16,Vacant
2020,33,12,0,0,7,194,16,Vacant
2020,31,12,0,0,6,193,16,Vacant
2020,28,12,0,0,5,192,16,Vacant
2020,26,12,0,0,4,191,16,Vacant
2020,29,12,0,0,3,190,16,Vacant
2020,29,12,0,0,2,189,16,Vacant
2020,27,12,0,0,1,188,16,Vacant
2020,29,12,0,0,7,187,16,Vacant
2020,28,12,0,0,6,186,16,Vacant
2020,29,12,0,0,5,185,16,Vacant
2020,31,12,0,0,4,184,16,Vacant
2020,27,12,0,0,3,183,16,Vacant
2020,28,0,0,0,2,182,0,Closed
2020,30,0,0,0,1,181,0,Closed
2020,25,0,0,0,7,180,0,Closed
2020,29,0,0,0,6,179,0,Closed
2020,31,0,0,0,5,178,0,Closed
2020,23,0,0,0,4,177,0,Closed
2020,27,0,0,0,3,176,0,Closed
2020,27,0,0,0,2,175,0,Closed
2020,22,0,0,0,1,174,0,Closed
2020,27,0,0,0,7,173,0,Closed
2020,29,0,0,0,6,172,0,Closed
2020,20,0,0,0,5,171,0,Closed
2020,26,0,0,0,4,170,0,Closed
2020,29,0,0,0,3,169,0,Closed
2020,31,0,0,0,2,168,0,Closed
2020,33,0,0,0,1,167,0,Closed
2020,23,0,0,0,7,166,0,Closed
2020,25,0,0,0,6,165,0,Closed
2020,32,0,0,0,5,164,0,Closed
2020,31,0,0,0,4,163,0,Closed
2020,31,0,0,0,3,162,0,Closed
2020,31,0,0,0,2,161,0,Closed
2020,28,0,0,0,1,160,0,Closed
2020,27,0,0,0,7,159,0,Closed
2020,28,0,0,0,6,158,0,Closed
2020,30,0,0,0,5,157,0,Closed
2020,28,0,0,0,4,156,0,Closed
2020,29,0,0,0,3,155,0,Closed
2020,27,0,0,0,2,154,0,Closed
2020,21,0,0,0,1,153,0,Closed
2020,25,0,0,0,7,152,0,Closed
2020,28,0,0,0,6,151,0,Closed
2020,27,0,0,0,5,150,0,Closed
2020,24,0,0,0,4,149,0,Closed
2020,27,0,0,0,3,148,0,Closed
2020,24,0,0,0,2,147,0,Closed
2020,27,0,0,0,1,146,0,Closed
2020,27,0,0,0,7,145,0,Closed
2020,24,0,0,0,6,144,0,Closed
2020,18,0,0,0,5,143,0,Closed
2020,15,0,0,0,4,142,0,Closed
2020,15,0,0,0,3,141,0,Closed
2020,19,0,0,0,2,140,0,Closed
2020,22,0,0,0,1,139,0,Closed
2020,28,0,0,0,7,138,0,Closed
2020,22,0,0,0,6,137,0,Closed
2020,27,0,0,0,5,136,0,Closed
2020,26,0,0,0,4,135,0,Closed
2020,29,0,0,0,3,134,0,Closed
2020,27,0,0,0,2,133,0,Closed
2020,26,0,0,0,1,132,0,Closed
2020,26,0,0,0,7,131,0,Closed
2020,23,0,0,0,6,130,0,Closed
2020,22,0,0,0,5,129,0,Closed
2020,23,0,0,0,4,128,0,Closed
2020,18,0,1,0,3,127,0,Closed
2020,28,0,1,0,2,126,0,Closed
2020,22,0,1,0,1,125,0,Closed
2020,26,0,1,0,7,124,0,Closed
2020,27,0,0,0,6,123,0,Closed
2020,26,0,0,0,5,122,0,Closed
2020,24,0,0,0,4,121,0,Closed
2020,22,0,1,0,3,120,0,Closed
2020,19,0,0,0,2,119,0,Closed
2020,19,0,0,0,1,118,0,Closed
2020,24,0,0,0,7,117,0,Closed
2020,19,0,0,0,6,116,0,Closed
2020,18,0,0,0,5,115,0,Closed
2020,17,0,0,0,4,114,0,Closed
2020,19,0,0,0,3,113,0,Closed
2020,19,0,0,0,2,112,0,Closed
2020,12,0,0,0,1,111,0,Closed
2020,23,0,0,0,7,110,0,Closed
2020,16,0,0,0,6,109,0,Closed
2020,18,0,0,0,5,108,0,Closed
2020,16,0,0,0,4,107,0,Closed
2020,21,0,0,0,3,106,0,Closed
2020,17,0,0,1,2,105,0,Closed
2020,11,0,0,1,1,104,0,Closed
2020,15,0,0,1,7,103,0,Closed
2020,17,0,0,1,6,102,0,Closed
2020,17,0,0,1,5,101,0,Closed
2020,20,0,0,1,4,100,0,Closed
2020,20,0,0,1,3,99,0,Closed
2020,18,0,0,1,2,98,0,Closed
2020,18,0,0,1,1,97,0,Closed
2020,17,0,0,1,7,96,0,Closed
2020,22,0,0,1,6,95,0,Closed
2020,18,0,0,1,5,94,0,Closed
2020,19,0,0,1,4,93,0,Closed
2020,13,0,0,1,3,92,0,Closed
2020,13,0,0,1,2,91,0,Closed
2020,10,0,0,1,1,90,0,Closed
2020,9,0,0,1,7,89,0,Closed
2020,25,0,0,1,6,88,0,Closed
2020,23,0,0,1,5,87,0,Closed
2020,20,0,0,0,4,86,0,Closed
2020,16,0,0,0,3,85,0,Closed
2020,13,0,0,0,2,84,0,Closed
2020,17,0,0,0,1,83,0,Closed
2020,24,0,0,0,7,82,0,Closed
2020,21,0,0,0,6,81,0,Closed
2020,19,0,1,0,5,80,0,Closed
2020,22,0,0,0,4,79,0,Closed
2020,18,0,0,0,3,78,0,Closed
2020,13,0,0,0,2,77,0,Closed
2020,14,0,0,0,1,76,0,Closed
2020,12,0,0,0,7,75,0,Closed
2020,12,0,0,0,6,74,0,Closed
2020,19,0,0,0,5,73,0,Closed
2020,17,0,0,0,4,72,0,Closed
2020,21,0,0,0,3,71,0,Closed
2020,17,0,0,0,2,70,0,Closed
2020,20,0,0,0,1,69,0,Closed
2020,9,0,0,0,7,68,0,Closed
2020,10,0,0,0,6,67,0,Closed
2020,15,0,0,0,5,66,0,Closed
2020,14,0,0,0,4,65,0,Closed
2020,12,0,0,0,3,64,0,Closed
2020,18,0,0,0,2,63,0,Closed
2020,12,0,0,0,1,62,0,Closed
2020,18,0,0,0,7,61,0,Closed
2020,14,0,0,0,6,60,0,Closed
2020,12,13,0,0,5,59,20,Vacant
2020,12,13,0,0,4,58,20,Vacant
2020,10,13,0,0,3,57,20,Vacant
2020,14,13,0,0,2,56,20,Vacant
2020,15,14,1,0,1,55,30,Quite Vacant
2020,16,14,1,0,7,54,36,Crowded
2020,18,14,0,0,6,53,20,Vacant
2020,14,14,0,0,5,52,27,Quite Vacant
2020,13,13,0,0,4,51,20,Vacant
2020,13,13,0,0,3,50,25,Quite Vacant
2020,13,13,0,0,2,49,23,Quite Vacant
2020,17,13,0,0,1,48,22,Quite Vacant
2020,12,14,0,0,7,47,33,Crowded
2020,16,14,0,0,6,46,44,Quite Crowded
2020,16,13,0,0,5,45,22,Quite Vacant
2020,18,13,0,0,4,44,21,Quite Vacant
2020,16,13,0,0,3,43,22,Quite Vacant
2020,12,14,1,0,2,42,30,Quite Vacant
2020,10,14,0,0,1,41,22,Quite Vacant
2020,8,14,0,0,7,40,39,Crowded
2020,13,14,0,0,6,39,50,Quite Crowded
2020,7,13,0,0,5,38,21,Quite Vacant
2020,7,13,0,0,4,37,21,Quite Vacant
2020,15,13,0,0,3,36,22,Quite Vacant
2020,11,13,0,0,2,35,21,Quite Vacant
2020,15,13,0,0,1,34,21,Quite Vacant
2020,14,13,0,0,7,33,28,Quite Vacant
2020,13,14,0,0,6,32,44,Quite Crowded
2020,12,10,0,0,5,31,20,Vacant
2020,18,10,0,0,4,30,21,Quite Vacant
2020,19,9,0,0,3,29,16,Vacant
2020,7,9,0,0,2,28,16,Vacant
2020,7,10,0,0,1,27,17,Vacant
2020,8,14,0,0,7,26,30,Quite Vacant
2020,10,14,0,0,6,25,16,Vacant
2020,13,14,0,0,5,24,16,Vacant
2020,8,10,0,0,4,23,16,Vacant
2020,7,10,0,0,3,22,16,Vacant
2020,12,9,0,0,2,21,16,Vacant
2020,14,10,0,0,1,20,17,Vacant
2020,11,14,0,0,7,19,33,Crowded
2020,8,14,0,0,6,18,44,Quite Crowded
2020,11,9,0,0,5,17,19,Vacant
2020,11,9,0,0,4,16,16,Vacant
2020,9,9,0,0,3,15,16,Vacant
2020,14,14,0,0,2,14,16,Vacant
2020,14,14,1,0,1,13,27,Quite Vacant
2020,10,10,0,0,7,12,33,Crowded
2020,11,9,0,0,6,11,44,Quite Crowded
2020,13,10,0,0,5,10,22,Quite Vacant
2020,15,14,0,0,4,9,20,Vacant
2020,8,14,0,0,3,8,20,Vacant
2020,8,13,0,1,2,7,20,Vacant
2020,12,13,0,1,1,6,22,Quite Vacant
2020,10,13,0,1,7,5,33,Crowded
2020,12,13,0,1,6,4,44,Quite Crowded
2020,12,14,1,1,5,3,25,Quite Vacant
2020,11,14,1,1,4,2,27,Quite Vacant
2020,10,14,1,1,3,1,27,Quite Vacant
2019,13,9,1,1,2,365,63,Extreme
2019,7,14,0,1,1,364,57,Busy
2019,11,14,0,1,7,363,40,Crowded
2019,10,14,0,1,6,362,33,Crowded
2019,14,14,0,1,5,361,34,Crowded
2019,12,14,0,1,4,360,34,Crowded
2019,8,14,0,1,3,359,42,Quite Crowded
2019,12,14,0,0,2,358,39,Crowded
2019,11,14,0,0,1,357,39,Crowded
2019,10,14,0,0,7,356,53,Busy
2019,8,14,0,0,6,355,67,Extreme
2019,16,13,0,0,5,354,33,Crowded
2019,9,13,0,0,4,353,26,Quite Vacant
2019,15,13,0,0,3,352,26,Quite Vacant
2019,10,13,0,0,2,351,26,Quite Vacant
2019,12,13,0,0,1,350,37,Crowded
2019,11,14,0,0,7,349,53,Busy
2019,16,14,0,0,6,348,67,Extreme
2019,8,14,0,0,5,347,39,Crowded
2019,19,13,0,0,4,346,26,Quite Vacant
2019,15,13,0,0,3,345,26,Quite Vacant
2019,14,13,0,0,2,344,26,Quite Vacant
2019,10,13,0,0,1,343,37,Crowded
2019,12,13,0,0,7,342,44,Quite Crowded
2019,5,14,0,0,6,341,63,Extreme
2019,8,14,0,0,5,340,37,Crowded
2019,13,13,0,0,4,339,27,Quite Vacant
2019,14,13,0,0,3,338,27,Quite Vacant
2019,16,13,0,0,2,337,27,Quite Vacant
2019,18,13,0,0,1,336,35,Crowded
2019,12,14,0,0,7,335,50,Quite Crowded
2019,11,14,0,0,6,334,66,Extreme
2019,9,13,0,0,5,333,33,Crowded
2019,10,13,0,0,4,332,27,Quite Vacant
2019,10,13,0,0,3,331,27,Quite Vacant
2019,9,13,0,0,2,330,27,Quite Vacant
2019,21,13,0,0,1,329,43,Quite Crowded
2019,18,14,0,0,7,328,51,Busy
2019,14,14,1,0,6,327,66,Extreme
2019,9,13,0,0,5,326,37,Crowded
2019,15,13,0,0,4,325,30,Quite Vacant
2019,15,13,0,0,3,324,35,Crowded
2019,20,13,0,0,2,323,30,Quite Vacant
2019,20,14,0,0,1,322,54,Busy
2019,19,14,0,0,7,321,57,Busy
2019,19,14,0,0,6,320,69,Extreme
2019,17,14,0,0,5,319,46,Quite Crowded
2019,22,14,0,0,4,318,46,Quite Crowded
2019,18,13,0,0,3,317,35,Crowded
2019,21,13,0,0,2,316,30,Quite Vacant
2019,18,14,0,0,1,315,51,Busy
2019,18,14,0,0,7,314,57,Busy
2019,17,14,0,0,6,313,71,Extreme
2019,18,13,0,0,5,312,37,Crowded
2019,21,13,0,0,4,311,21,Quite Vacant
2019,21,13,0,0,3,310,21,Quite Vacant
2019,18,13,0,0,2,309,26,Quite Vacant
2019,19,14,1,0,1,308,40,Crowded
2019,18,14,1,0,7,307,58,Busy
2019,19,14,0,0,6,306,53,Busy
2019,23,14,0,0,5,305,28,Quite Vacant
2019,21,13,0,0,4,304,28,Quite Vacant
2019,22,13,0,0,3,303,28,Quite Vacant
2019,15,13,0,0,2,302,28,Quite Vacant
2019,20,14,0,0,1,301,53,Busy
2019,21,14,0,0,7,300,46,Quite Crowded
2019,24,14,0,0,6,299,60,Busy
2019,17,13,0,0,5,298,35,Crowded
2019,21,13,0,0,4,297,28,Quite Vacant
2019,24,13,0,0,3,296,28,Quite Vacant
2019,16,14,1,0,2,295,42,Quite Crowded
2019,20,13,0,0,1,294,45,Quite Crowded
2019,23,14,0,0,7,293,59,Busy
2019,21,14,0,0,6,292,57,Busy
2019,19,13,0,0,5,291,35,Crowded
2019,19,13,0,0,4,290,28,Quite Vacant
2019,18,13,0,0,3,289,28,Quite Vacant
2019,21,14,0,0,2,288,46,Quite Crowded
2019,19,14,1,0,1,287,44,Quite Crowded
2019,29,14,0,0,7,286,62,Extreme
2019,26,0,0,0,6,285,0,Closed
2019,21,13,0,0,5,284,35,Crowded
2019,24,13,0,0,4,283,28,Quite Vacant
2019,25,13,0,0,3,282,28,Quite Vacant
2019,26,13,0,0,2,281,28,Quite Vacant
2019,23,13,0,0,1,280,43,Quite Crowded
2019,22,14,0,0,7,279,48,Quite Crowded
2019,31,14,0,0,6,278,59,Busy
2019,29,13,0,0,5,277,37,Crowded
2019,28,13,0,0,4,276,32,Crowded
2019,30,13,0,0,3,275,32,Crowded
2019,29,13,0,0,2,274,37,Crowded
2019,29,14,0,0,1,273,45,Quite Crowded
2019,26,14,0,0,7,272,47,Quite Crowded
2019,28,14,0,0,6,271,58,Busy
2019,28,13,0,0,5,270,34,Crowded
2019,25,13,0,0,4,269,31,Crowded
2019,28,13,0,0,3,268,31,Crowded
2019,30,13,0,0,2,267,41,Quite Crowded
2019,30,14,1,0,1,266,46,Quite Crowded
2019,27,14,0,0,7,265,64,Extreme
2019,24,14,0,0,6,264,54,Busy
2019,26,13,0,0,5,263,34,Crowded
2019,26,13,0,0,4,262,31,Crowded
2019,23,13,0,0,3,261,31,Crowded
2019,30,13,0,0,2,260,41,Quite Crowded
2019,24,14,1,0,1,259,44,Quite Crowded
2019,29,14,0,0,7,258,61,Extreme
2019,25,14,0,0,6,257,54,Busy
2019,24,13,0,0,5,256,32,Crowded
2019,28,13,0,0,4,255,29,Quite Vacant
2019,32,13,0,0,3,254,29,Quite Vacant
2019,35,13,0,0,2,253,29,Quite Vacant
2019,32,13,0,0,1,252,34,Crowded
2019,33,14,0,0,7,251,31,Crowded
2019,32,14,0,0,6,250,39,Crowded
2019,33,13,0,0,5,249,25,Quite Vacant
2019,29,13,0,0,4,248,22,Quite Vacant
2019,25,13,0,0,3,247,22,Quite Vacant
2019,28,13,0,0,2,246,22,Quite Vacant
2019,32,13,0,0,1,245,25,Quite Vacant
2019,31,14,0,0,7,244,43,Quite Crowded
2019,31,14,0,1,6,243,37,Crowded
2019,27,14,0,1,5,242,41,Quite Crowded
2019,31,14,0,1,4,241,41,Quite Crowded
2019,28,14,0,1,3,240,46,Quite Crowded
2019,30,14,0,1,2,239,46,Quite Crowded
2019,28,14,0,1,1,238,46,Quite Crowded
2019,31,14,0,1,7,237,46,Quite Crowded
2019,30,14,0,1,6,236,49,Quite Crowded
2019,29,14,0,1,5,235,46,Quite Crowded
2019,29,14,0,1,4,234,46,Quite Crowded
2019,30,14,0,1,3,233,46,Quite Crowded
2019,33,14,0,1,2,232,46,Quite Crowded
2019,30,14,0,1,1,231,46,Quite Crowded
2019,33,14,0,1,7,230,46,Quite Crowded
2019,33,14,0,1,6,229,46,Quite Crowded
2019,29,14,0,1,5,228,46,Quite Crowded
2019,33,14,0,1,4,227,49,Quite Crowded
2019,33,14,0,1,3,226,43,Quite Crowded
2019,33,14,0,1,2,225,46,Quite Crowded
2019,33,14,1,1,1,224,56,Busy
2019,32,14,1,1,7,223,59,Busy
2019,34,14,0,1,6,222,56,Busy
2019,34,14,1,1,5,221,46,Quite Crowded
2019,33,14,0,1,4,220,38,Crowded
2019,34,14,0,1,3,219,38,Crowded
2019,33,14,1,1,2,218,38,Crowded
2019,33,14,0,1,1,217,38,Crowded
2019,33,14,0,1,7,216,38,Crowded
2019,33,14,0,1,6,215,41,Quite Crowded
2019,36,14,0,1,5,214,36,Crowded
2019,35,14,0,1,4,213,36,Crowded
2019,33,14,0,1,3,212,36,Crowded
2019,32,14,0,1,2,211,36,Crowded
2019,32,14,0,1,1,210,36,Crowded
2019,32,14,0,1,7,209,36,Crowded
2019,31,14,0,1,6,208,39,Crowded
2019,32,13,0,1,5,207,30,Quite Vacant
2019,32,13,0,1,4,206,30,Quite Vacant
2019,30,13,0,1,3,205,30,Quite Vacant
2019,27,13,0,1,2,204,30,Quite Vacant
2019,24,13,0,1,1,203,30,Quite Vacant
2019,27,14,0,1,7,202,38,Crowded
2019,30,14,0,1,6,201,56,Busy
2019,30,13,0,0,5,200,33,Crowded
2019,30,13,0,0,4,199,26,Quite Vacant
2019,28,13,0,0,3,198,26,Quite Vacant
2019,22,13,0,0,2,197,31,Crowded
2019,25,14,1,0,1,196,41,Quite Crowded
2019,22,14,0,0,7,195,58,Busy
2019,28,14,0,0,6,194,51,Busy
2019,22,13,0,0,5,193,33,Crowded
2019,23,13,0,0,4,192,26,Quite Vacant
2019,24,13,0,0,3,191,26,Quite Vacant
2019,22,13,0,0,2,190,26,Quite Vacant
2019,23,13,0,0,1,189,26,Quite Vacant
2019,21,14,0,0,7,188,34,Crowded
2019,23,14,0,0,6,187,44,Quite Crowded
2019,24,13,0,0,5,186,24,Quite Vacant
2019,25,13,0,0,4,185,21,Quite Vacant
2019,28,13,0,0,3,184,21,Quite Vacant
2019,26,13,0,0,2,183,21,Quite Vacant
2019,24,13,0,0,1,182,29,Quite Vacant
2019,25,14,0,0,7,181,34,Crowded
2019,21,14,0,0,6,180,45,Quite Crowded
2019,29,13,0,0,5,179,36,Crowded
2019,27,13,0,0,4,178,32,Crowded
2019,29,13,0,0,3,177,22,Quite Vacant
2019,27,13,0,0,2,176,22,Quite Vacant
2019,21,13,0,0,1,175,27,Quite Vacant
2019,23,14,0,0,7,174,35,Crowded
2019,26,14,0,0,6,173,44,Quite Crowded
2019,29,13,0,0,5,172,26,Quite Vacant
2019,28,13,0,0,4,171,21,Quite Vacant
2019,28,13,0,0,3,170,21,Quite Vacant
2019,26,13,0,0,2,169,21,Quite Vacant
2019,28,13,0,0,1,168,32,Crowded
2019,26,14,0,0,7,167,36,Crowded
2019,19,14,0,0,6,166,44,Quite Crowded
2019,27,13,0,0,5,165,26,Quite Vacant
2019,25,13,0,0,4,164,21,Quite Vacant
2019,21,13,0,0,3,163,21,Quite Vacant
2019,22,13,0,0,2,162,21,Quite Vacant
2019,18,13,0,0,1,161,35,Crowded
2019,19,14,0,0,7,160,38,Crowded
2019,22,14,0,0,6,159,44,Quite Crowded
2019,22,13,0,0,5,158,26,Quite Vacant
2019,31,13,0,0,4,157,21,Quite Vacant
2019,25,13,0,0,3,156,22,Quite Vacant
2019,27,13,0,0,2,155,22,Quite Vacant
2019,25,13,0,0,1,154,32,Crowded
2019,25,14,0,0,7,153,36,Crowded
2019,25,14,0,0,6,152,44,Quite Crowded
2019,24,13,0,0,5,151,26,Quite Vacant
2019,25,13,0,0,4,150,22,Quite Vacant
2019,22,13,0,0,3,149,22,Quite Vacant
2019,26,13,0,0,2,148,22,Quite Vacant
2019,32,14,0,0,1,147,43,Quite Crowded
2019,32,14,0,0,7,146,38,Crowded
2019,31,14,0,0,6,145,44,Quite Crowded
2019,30,13,0,0,5,144,26,Quite Vacant
2019,26,13,0,0,4,143,22,Quite Vacant
2019,23,13,0,0,3,142,22,Quite Vacant
2019,21,13,0,0,2,141,22,Quite Vacant
2019,23,14,0,0,1,140,43,Quite Crowded
2019,24,14,0,0,7,139,38,Crowded
2019,24,14,0,0,6,138,44,Quite Crowded
2019,24,13,0,0,5,137,26,Quite Vacant
2019,24,13,0,0,4,136,22,Quite Vacant
2019,21,13,0,0,3,135,22,Quite Vacant
2019,20,13,0,0,2,134,22,Quite Vacant
2019,21,13,0,0,1,133,30,Quite Vacant
2019,20,14,0,0,7,132,34,Crowded
2019,27,14,0,0,6,131,44,Quite Crowded
2019,27,13,0,0,5,130,26,Quite Vacant
2019,22,13,0,0,4,129,22,Quite Vacant
2019,20,13,0,0,3,128,22,Quite Vacant
2019,18,13,0,0,2,127,22,Quite Vacant
2019,22,14,1,0,1,126,36,Crowded
2019,25,14,1,0,7,125,53,Busy
2019,23,14,1,0,6,124,56,Busy
2019,24,14,1,0,5,123,56,Busy
2019,24,14,1,0,4,122,63,Extreme
2019,22,14,1,0,3,121,64,Extreme
2019,18,14,1,0,2,120,64,Extreme
2019,18,14,1,0,1,119,58,Busy
2019,18,14,0,0,7,118,58,Busy
2019,12,14,0,0,6,117,58,Busy
2019,11,13,0,0,5,116,33,Crowded
2019,22,13,0,0,4,115,26,Quite Vacant
2019,22,13,0,0,3,114,26,Quite Vacant
2019,24,13,0,0,2,113,26,Quite Vacant
2019,25,13,0,0,1,112,34,Crowded
2019,21,14,0,0,7,111,42,Quite Crowded
2019,19,14,0,0,6,110,55,Busy
2019,23,13,0,0,5,109,33,Crowded
2019,23,13,0,0,4,108,26,Quite Vacant
2019,19,13,0,0,3,107,26,Quite Vacant
2019,21,13,0,0,2,106,26,Quite Vacant
2019,22,13,0,0,1,105,34,Crowded
2019,18,14,0,0,7,104,42,Quite Crowded
2019,16,14,0,0,6,103,40,Crowded
2019,11,13,0,1,5,102,32,Crowded
2019,15,13,0,1,4,101,26,Quite Vacant
2019,7,13,0,1,3,100,26,Quite Vacant
2019,15,13,0,1,2,99,26,Quite Vacant
2019,12,13,0,1,1,98,34,Crowded
2019,21,14,0,1,7,97,40,Crowded
2019,20,14,0,1,6,96,45,Quite Crowded
2019,19,14,0,1,5,95,54,Busy
2019,15,14,0,1,4,94,50,Quite Crowded
2019,12,14,0,1,3,93,50,Quite Crowded
2019,12,14,0,1,2,92,50,Quite Crowded
2019,14,14,0,1,1,91,64,Extreme
2019,16,14,0,1,7,90,60,Busy
2019,11,14,0,1,6,89,58,Busy
2019,8,14,0,1,5,88,67,Extreme
2019,14,14,0,1,4,87,63,Extreme
2019,18,14,0,1,3,86,66,Extreme
2019,14,14,0,0,2,85,60,Busy
2019,14,14,0,0,1,84,74,Extreme
2019,13,14,0,0,7,83,53,Busy
2019,6,14,0,0,6,82,63,Extreme
2019,22,14,0,0,5,81,54,Busy
2019,19,14,1,0,4,80,59,Busy
2019,20,14,0,0,3,79,63,Extreme
2019,17,14,0,0,2,78,61,Extreme
2019,14,14,0,0,1,77,66,Extreme
2019,14,14,0,0,7,76,57,Busy
2019,12,14,0,0,6,75,55,Busy
2019,14,14,0,0,5,74,50,Quite Crowded
2019,12,14,0,0,4,73,46,Quite Crowded
2019,16,14,0,0,3,72,46,Quite Crowded
2019,16,14,0,0,2,71,46,Quite Crowded
2019,16,14,0,0,1,70,39,Crowded
2019,16,14,0,0,7,69,55,Busy
2019,15,14,0,0,6,68,53,Busy
2019,11,14,0,0,5,67,41,Quite Crowded
2019,10,14,0,0,4,66,47,Quite Crowded
2019,13,14,0,0,3,65,47,Quite Crowded
2019,14,14,0,0,2,64,47,Quite Crowded
2019,9,14,0,0,1,63,40,Crowded
2019,7,14,0,0,7,62,49,Quite Crowded
2019,13,14,0,0,6,61,50,Quite Crowded
2019,13,14,0,0,5,60,36,Crowded
2019,8,13,0,0,4,59,36,Crowded
2019,10,13,0,0,3,58,36,Crowded
2019,11,13,0,0,2,57,36,Crowded
2019,16,13,0,0,1,56,36,Crowded
2019,13,14,0,0,7,55,45,Quite Crowded
2019,13,14,0,0,6,54,58,Busy
2019,14,14,0,0,5,53,37,Crowded
2019,14,14,0,0,4,52,32,Crowded
2019,18,13,0,0,3,51,30,Quite Vacant
2019,12,13,0,0,2,50,30,Quite Vacant
2019,14,13,0,0,1,49,30,Quite Vacant
2019,11,14,0,0,7,48,45,Quite Crowded
2019,12,14,0,0,6,47,58,Busy
2019,4,13,0,0,5,46,30,Quite Vacant
2019,7,13,0,0,4,45,30,Quite Vacant
2019,7,13,0,0,3,44,32,Crowded
2019,9,13,0,0,2,43,32,Crowded
2019,4,14,1,0,1,42,45,Quite Crowded
2019,7,14,0,0,7,41,66,Extreme
2019,1,14,0,0,6,40,57,Busy
2019,7,13,0,0,5,39,32,Crowded
2019,16,13,0,0,4,38,33,Crowded
2019,8,13,0,0,3,37,33,Crowded
2019,18,13,0,0,2,36,32,Crowded
2019,8,13,0,0,1,35,33,Crowded
2019,13,14,0,0,7,34,42,Quite Crowded
2019,12,14,0,0,6,33,55,Busy
2019,7,13,0,0,5,32,30,Quite Vacant
2019,10,13,0,0,4,31,31,Crowded
2019,10,13,0,0,3,30,31,Crowded
2019,9,14,0,0,2,29,36,Crowded
2019,12,13,0,0,1,28,31,Crowded
2019,9,14,0,0,7,27,42,Quite Crowded
2019,9,14,0,0,6,26,55,Busy
2019,9,10,0,0,5,25,27,Quite Vacant
2019,9,9,0,0,4,24,20,Vacant
2019,11,9,0,0,3,23,20,Vacant
2019,10,9,0,0,2,22,20,Vacant
2019,10,11,0,0,1,21,27,Quite Vacant
2019,13,14,0,0,7,20,42,Quite Crowded
2019,11,14,0,0,6,19,55,Busy
2019,9,10,0,0,5,18,29,Quite Vacant
2019,10,9,0,0,4,17,20,Vacant
2019,12,9,0,0,3,16,20,Vacant
2019,10,9,0,0,2,15,20,Vacant
2019,10,11,1,0,1,14,26,Quite Vacant
2019,10,14,0,0,7,13,51,Busy
2019,6,14,0,0,6,12,45,Quite Crowded
2019,12,14,0,0,5,11,28,Quite Vacant
2019,5,13,0,0,4,10,27,Quite Vacant
2019,7,14,0,0,3,9,27,Quite Vacant
2019,10,9,0,0,2,8,22,Quite Vacant
2019,10,11,0,1,1,7,31,Crowded
2019,6,14,0,1,7,6,50,Quite Crowded
2019,15,14,0,1,6,5,48,Quite Crowded
2019,9,14,0,1,5,4,58,Busy
2019,10,14,1,1,4,3,58,Busy
2019,10,14,1,1,3,2,58,Busy
2019,11,12,1,1,2,1,56,Busy
2018,9,9,1,1,1,365,62,Extreme
2018,9,14,0,1,7,364,66,Extreme
2018,8,14,0,1,6,363,63,Extreme
2018,7,14,0,1,5,362,43,Quite Crowded
2018,14,14,0,1,4,361,40,Crowded
2018,11,14,0,1,3,360,43,Quite Crowded
2018,10,14,0,1,2,359,55,Busy
2018,10,14,0,0,1,358,56,Busy
2018,11,14,0,0,7,357,72,Extreme
2018,11,14,0,0,6,356,66,Extreme
2018,14,14,0,0,5,355,39,Crowded
2018,14,14,0,0,4,354,27,Quite Vacant
2018,12,14,0,0,3,353,27,Quite Vacant
2018,12,14,0,0,2,352,27,Quite Vacant
2018,12,14,0,0,1,351,39,Crowded
2018,5,14,0,0,7,350,53,Busy
2018,9,14,0,0,6,349,67,Extreme
2018,10,14,0,0,5,348,35,Crowded
2018,9,14,0,0,4,347,27,Quite Vacant
2018,10,14,0,0,3,346,27,Quite Vacant
2018,7,14,0,0,2,345,27,Quite Vacant
2018,8,14,0,0,1,344,39,Crowded
2018,9,14,0,0,7,343,47,Quite Crowded
2018,10,14,0,0,6,342,63,Extreme
2018,16,14,0,0,5,341,29,Quite Vacant
2018,10,13,0,0,4,340,27,Quite Vacant
2018,19,13,0,0,3,339,27,Quite Vacant
2018,22,13,0,0,2,338,27,Quite Vacant
2018,15,14,0,0,1,337,41,Quite Crowded
2018,12,14,0,0,7,336,50,Quite Crowded
2018,18,14,0,0,6,335,66,Extreme
2018,15,14,0,0,5,334,33,Crowded
2018,15,13,0,0,4,333,27,Quite Vacant
2018,18,13,0,0,3,332,27,Quite Vacant
2018,17,13,0,0,2,331,27,Quite Vacant
2018,17,14,0,0,1,330,49,Quite Crowded
2018,15,14,0,0,7,329,51,Busy
2018,12,14,0,0,6,328,72,Extreme
2018,15,14,1,0,5,327,64,Extreme
2018,13,13,0,0,4,326,33,Crowded
2018,17,13,0,0,3,325,30,Quite Vacant
2018,14,13,0,0,2,324,35,Crowded
2018,15,14,0,0,1,323,54,Busy
2018,16,14,0,0,7,322,64,Extreme
2018,19,14,0,0,6,321,72,Extreme
2018,18,14,0,0,5,320,42,Quite Crowded
2018,16,13,0,0,4,319,30,Quite Vacant
2018,16,13,0,0,3,318,49,Quite Crowded
2018,16,14,0,0,2,317,44,Quite Crowded
2018,18,14,0,0,1,316,56,Busy
2018,20,14,0,0,7,315,62,Extreme
2018,22,14,0,0,6,314,73,Extreme
2018,17,14,0,0,5,313,47,Quite Crowded
2018,20,13,0,0,4,312,36,Crowded
2018,19,13,0,0,3,311,26,Quite Vacant
2018,23,13,0,0,2,310,26,Quite Vacant
2018,23,13,0,0,1,309,41,Quite Crowded
2018,18,14,0,0,7,308,45,Quite Crowded
2018,20,14,1,0,6,307,45,Quite Crowded
2018,19,14,0,0,5,306,42,Quite Crowded
2018,18,14,0,0,4,305,30,Quite Vacant
2018,19,13,0,0,3,304,31,Crowded
2018,23,14,0,0,2,303,38,Crowded
2018,22,14,0,0,1,302,55,Busy
2018,20,14,0,0,7,301,56,Busy
2018,23,14,0,0,6,300,68,Extreme
2018,22,14,0,0,5,299,50,Quite Crowded
2018,22,14,0,0,4,298,39,Crowded
2018,21,14,0,0,3,297,39,Crowded
2018,16,13,0,0,2,296,32,Crowded
2018,22,14,0,0,1,295,55,Busy
2018,21,14,0,0,7,294,58,Busy
2018,22,14,0,0,6,293,71,Extreme
2018,20,14,0,0,5,292,50,Quite Crowded
2018,20,14,0,0,4,291,39,Crowded
2018,21,14,0,0,3,290,39,Crowded
2018,21,14,0,0,2,289,39,Crowded
2018,20,14,0,0,1,288,55,Busy
2018,19,14,0,0,7,287,57,Busy
2018,18,14,0,0,6,286,71,Extreme
2018,21,14,0,0,5,285,47,Quite Crowded
2018,23,14,0,0,4,284,39,Crowded
2018,26,14,0,0,3,283,39,Crowded
2018,25,14,0,0,2,282,48,Quite Crowded
2018,23,14,1,0,1,281,50,Quite Crowded
2018,30,14,0,0,7,280,69,Extreme
2018,28,14,0,0,6,279,57,Busy
2018,20,14,0,0,5,278,45,Quite Crowded
2018,22,13,0,0,4,277,33,Crowded
2018,23,13,0,0,3,276,33,Crowded
2018,27,13,0,0,2,275,33,Crowded
2018,29,13,0,0,1,274,50,Quite Crowded
2018,27,14,0,0,7,273,53,Busy
2018,22,14,0,0,6,272,64,Extreme
2018,26,14,0,0,5,271,35,Crowded
2018,17,13,0,0,4,270,32,Crowded
2018,20,13,0,0,3,269,32,Crowded
2018,24,13,0,0,2,268,37,Crowded
2018,28,14,1,0,1,267,56,Busy
2018,28,14,1,0,7,266,68,Extreme
2018,26,14,0,0,6,265,59,Busy
2018,20,14,0,0,5,264,35,Crowded
2018,24,13,0,0,4,263,32,Crowded
2018,26,13,0,0,3,262,32,Crowded
2018,27,14,0,0,2,261,38,Crowded
2018,31,14,1,0,1,260,43,Quite Crowded
2018,26,14,0,0,7,259,60,Busy
2018,23,14,0,0,6,258,56,Busy
2018,25,14,0,0,5,257,33,Crowded
2018,26,13,0,0,4,256,30,Quite Vacant
2018,24,13,0,0,3,255,30,Quite Vacant
2018,25,13,0,0,2,254,30,Quite Vacant
2018,30,14,0,0,1,253,41,Quite Crowded
2018,31,14,0,0,7,252,44,Quite Crowded
2018,30,14,0,0,6,251,56,Busy
2018,30,14,0,0,5,250,31,Crowded
2018,30,13,0,0,4,249,28,Quite Vacant
2018,30,13,0,0,3,248,28,Quite Vacant
2018,32,13,0,0,2,247,28,Quite Vacant
2018,27,13,0,0,1,246,32,Crowded
2018,24,14,0,0,7,245,44,Quite Crowded
2018,30,14,0,0,6,244,60,Busy
2018,33,14,0,1,5,243,37,Crowded
2018,32,14,0,1,4,242,46,Quite Crowded
2018,28,14,0,1,3,241,46,Quite Crowded
2018,30,14,0,1,2,240,46,Quite Crowded
2018,35,14,0,1,1,239,46,Quite Crowded
2018,36,14,0,1,7,238,49,Quite Crowded
2018,33,14,0,1,6,237,46,Quite Crowded
2018,31,14,0,1,5,236,46,Quite Crowded
2018,35,14,0,1,4,235,46,Quite Crowded
2018,34,14,0,1,3,234,46,Quite Crowded
2018,33,14,0,1,2,233,46,Quite Crowded
2018,26,14,0,1,1,232,46,Quite Crowded
2018,28,14,0,1,7,231,49,Quite Crowded
2018,27,14,0,1,6,230,49,Quite Crowded
2018,30,14,0,1,5,229,49,Quite Crowded
2018,31,14,0,1,4,228,46,Quite Crowded
2018,31,14,0,1,3,227,52,Busy
2018,32,14,0,1,2,226,57,Busy
2018,34,14,0,1,1,225,57,Busy
2018,30,14,0,1,7,224,57,Busy
2018,33,14,1,1,6,223,54,Busy
2018,32,14,0,1,5,222,51,Busy
2018,29,14,1,1,4,221,38,Crowded
2018,26,14,0,1,3,220,38,Crowded
2018,23,14,0,1,2,219,38,Crowded
2018,31,14,1,1,1,218,38,Crowded
2018,33,14,0,1,7,217,41,Quite Crowded
2018,35,14,0,1,6,216,38,Crowded
2018,35,14,0,1,5,215,38,Crowded
2018,35,14,0,1,4,214,38,Crowded
2018,34,14,0,1,3,213,38,Crowded
2018,32,14,0,1,2,212,38,Crowded
2018,30,14,0,1,1,211,38,Crowded
2018,32,14,0,1,7,210,41,Quite Crowded
2018,28,14,0,1,6,209,41,Quite Crowded
2018,27,14,0,1,5,208,38,Crowded
2018,30,14,0,1,4,207,38,Crowded
2018,32,14,0,1,3,206,38,Crowded
2018,34,14,0,1,2,205,38,Crowded
2018,37,14,0,1,1,204,41,Quite Crowded
2018,34,14,0,1,7,203,46,Quite Crowded
2018,32,14,0,1,6,202,59,Busy
2018,33,14,0,1,5,201,40,Crowded
2018,34,13,0,0,4,200,27,Quite Vacant
2018,35,14,0,0,3,199,32,Crowded
2018,33,14,0,0,2,198,37,Crowded
2018,33,14,1,0,1,197,44,Quite Crowded
2018,34,14,0,0,7,196,62,Extreme
2018,35,14,0,0,6,195,55,Busy
2018,34,13,0,0,5,194,34,Crowded
2018,30,13,0,0,4,193,27,Quite Vacant
2018,33,14,0,0,3,192,32,Crowded
2018,33,14,0,0,2,191,32,Crowded
2018,31,14,0,0,1,190,36,Crowded
2018,31,14,0,0,7,189,40,Crowded
2018,30,14,0,0,6,188,61,Extreme
2018,25,14,0,0,5,187,31,Crowded
2018,28,13,0,0,4,186,28,Quite Vacant
2018,30,13,0,0,3,185,28,Quite Vacant
2018,30,13,0,0,2,184,28,Quite Vacant
2018,31,13,0,0,1,183,32,Crowded
2018,31,14,0,0,7,182,47,Quite Crowded
2018,30,14,0,0,6,181,60,Busy
2018,30,13,0,0,5,180,32,Crowded
2018,28,13,0,0,4,179,29,Quite Vacant
2018,29,13,0,0,3,178,29,Quite Vacant
2018,30,13,0,0,2,177,29,Quite Vacant
2018,33,14,0,0,1,176,37,Crowded
2018,25,14,0,0,7,175,48,Quite Crowded
2018,23,14,0,0,6,174,60,Busy
2018,27,14,0,0,5,173,34,Crowded
2018,23,13,0,0,4,172,28,Quite Vacant
2018,22,13,0,0,3,171,28,Quite Vacant
2018,27,13,0,0,2,170,28,Quite Vacant
2018,22,14,0,0,1,169,48,Quite Crowded
2018,22,14,0,0,7,168,49,Quite Crowded
2018,17,14,0,0,6,167,60,Busy
2018,19,14,0,0,5,166,46,Quite Crowded
2018,23,13,0,0,4,165,28,Quite Vacant
2018,25,13,0,0,3,164,28,Quite Vacant
2018,23,13,0,0,2,163,28,Quite Vacant
2018,21,14,0,0,1,162,50,Quite Crowded
2018,21,14,0,0,7,161,50,Quite Crowded
2018,31,14,0,0,6,160,60,Busy
2018,26,14,0,0,5,159,36,Crowded
2018,26,14,0,0,4,158,30,Quite Vacant
2018,23,14,0,0,3,157,28,Quite Vacant
2018,28,14,0,0,2,156,28,Quite Vacant
2018,28,14,0,0,1,155,47,Quite Crowded
2018,28,14,0,0,7,154,47,Quite Crowded
2018,27,14,0,0,6,153,58,Busy
2018,26,14,0,0,5,152,42,Quite Crowded
2018,22,14,0,0,4,151,33,Crowded
2018,26,14,0,0,3,150,33,Crowded
2018,27,14,0,0,2,149,33,Crowded
2018,24,14,0,0,1,148,55,Busy
2018,26,14,0,0,7,147,50,Quite Crowded
2018,24,14,0,0,6,146,58,Busy
2018,26,14,0,0,5,145,43,Quite Crowded
2018,26,14,0,0,4,144,34,Crowded
2018,22,14,0,0,3,143,34,Crowded
2018,27,14,0,0,2,142,34,Crowded
2018,26,14,0,0,1,141,53,Busy
2018,20,14,0,0,7,140,50,Quite Crowded
2018,24,14,0,0,6,139,58,Busy
2018,25,14,0,0,5,138,36,Crowded
2018,25,14,0,0,4,137,29,Quite Vacant
2018,25,14,0,0,3,136,29,Quite Vacant
2018,27,14,0,0,2,135,29,Quite Vacant
2018,28,14,0,0,1,134,45,Quite Crowded
2018,22,14,0,0,7,133,46,Quite Crowded
2018,23,14,0,0,6,132,58,Busy
2018,21,14,0,0,5,131,30,Quite Vacant
2018,15,13,0,0,4,130,28,Quite Vacant
2018,14,13,0,0,3,129,28,Quite Vacant
2018,14,13,0,0,2,128,28,Quite Vacant
2018,20,13,0,0,1,127,36,Crowded
2018,24,14,0,0,7,126,40,Crowded
2018,22,14,1,0,6,125,60,Busy
2018,21,14,1,0,5,124,63,Extreme
2018,25,14,1,0,4,123,59,Busy
2018,24,14,0,0,3,122,36,Crowded
2018,29,14,0,0,2,121,36,Crowded
2018,24,14,1,0,1,120,38,Crowded
2018,24,14,1,0,7,119,51,Busy
2018,25,14,0,0,6,118,40,Crowded
2018,22,13,0,0,5,117,34,Crowded
2018,23,13,0,0,4,116,27,Quite Vacant
2018,22,13,0,0,3,115,27,Quite Vacant
2018,21,13,0,0,2,114,27,Quite Vacant
2018,17,14,0,0,1,113,44,Quite Crowded
2018,26,14,0,0,7,112,42,Quite Crowded
2018,23,14,0,0,6,111,55,Busy
2018,25,14,0,0,5,110,37,Crowded
2018,21,14,0,0,4,109,30,Quite Vacant
2018,15,14,0,0,3,108,30,Quite Vacant
2018,17,14,0,0,2,107,30,Quite Vacant
2018,19,14,0,0,1,106,47,Quite Crowded
2018,21,14,0,0,7,105,45,Quite Crowded
2018,19,14,0,0,6,104,26,Quite Vacant
2018,20,14,0,0,5,103,24,Quite Vacant
2018,23,13,0,1,4,102,22,Quite Vacant
2018,21,13,0,1,3,101,22,Quite Vacant
2018,18,13,0,1,2,100,22,Quite Vacant
2018,18,13,0,1,1,99,28,Quite Vacant
2018,16,14,0,1,7,98,33,Crowded
2018,19,14,0,1,6,97,32,Crowded
2018,20,14,0,1,5,96,43,Quite Crowded
2018,16,14,0,1,4,95,50,Quite Crowded
2018,24,14,0,1,3,94,50,Quite Crowded
2018,22,14,0,1,2,93,50,Quite Crowded
2018,24,14,0,1,1,92,55,Busy
2018,20,14,0,1,7,91,60,Busy
2018,17,14,0,1,6,90,61,Extreme
2018,17,14,0,1,5,89,70,Extreme
2018,23,14,0,1,4,88,66,Extreme
2018,22,14,0,1,3,87,66,Extreme
2018,21,14,0,1,2,86,63,Extreme
2018,18,14,0,0,1,85,65,Extreme
2018,19,14,0,0,7,84,54,Busy
2018,16,14,0,0,6,83,52,Busy
2018,15,14,0,0,5,82,64,Extreme
2018,15,14,0,0,4,81,60,Busy
2018,5,14,1,0,3,80,62,Extreme
2018,9,14,0,0,2,79,63,Extreme
2018,17,14,0,0,1,78,61,Extreme
2018,15,14,0,0,7,77,57,Busy
2018,11,14,0,0,6,76,58,Busy
2018,16,14,0,0,5,75,50,Quite Crowded
2018,18,14,0,0,4,74,46,Quite Crowded
2018,20,14,0,0,3,73,46,Quite Crowded
2018,16,14,0,0,2,72,46,Quite Crowded
2018,14,14,0,0,1,71,39,Crowded
2018,14,14,0,0,7,70,49,Quite Crowded
2018,10,14,0,0,6,69,50,Quite Crowded
2018,17,14,0,0,5,68,41,Quite Crowded
2018,8,14,0,0,4,67,47,Quite Crowded
2018,6,14,0,0,3,66,47,Quite Crowded
2018,10,14,0,0,2,65,47,Quite Crowded
2018,18,14,0,0,1,64,40,Crowded
2018,18,14,0,0,7,63,51,Busy
2018,15,14,0,0,6,62,52,Busy
2018,13,14,0,0,5,61,36,Crowded
2018,19,14,0,0,4,60,42,Quite Crowded
2018,14,14,0,0,3,59,42,Quite Crowded
2018,12,14,0,0,2,58,42,Quite Crowded
2018,9,14,0,0,1,57,42,Quite Crowded
2018,7,14,0,0,7,56,42,Quite Crowded
2018,13,14,0,0,6,55,55,Busy
2018,7,14,0,0,5,54,36,Crowded
2018,2,14,0,0,4,53,38,Crowded
2018,8,14,0,0,3,52,38,Crowded
2018,11,14,0,0,2,51,39,Crowded
2018,9,14,0,0,1,50,38,Crowded
2018,8,14,0,0,7,49,44,Quite Crowded
2018,11,14,0,0,6,48,57,Busy
2018,8,14,0,0,5,47,39,Crowded
2018,14,14,0,0,4,46,36,Crowded
2018,10,14,0,0,3,45,36,Crowded
2018,9,14,0,0,2,44,37,Crowded
2018,8,14,1,0,1,43,42,Quite Crowded
2018,13,14,1,0,7,42,60,Busy
2018,12,14,0,0,6,41,55,Busy
2018,9,14,0,0,5,40,28,Quite Vacant
2018,8,10,0,0,4,39,29,Quite Vacant
2018,8,9,0,0,3,38,21,Quite Vacant
2018,7,9,0,0,2,37,21,Quite Vacant
2018,9,13,0,0,1,36,42,Quite Crowded
2018,8,11,0,0,7,35,27,Quite Vacant
2018,7,14,0,0,6,34,55,Busy
2018,3,10,0,0,5,33,27,Quite Vacant
2018,6,9,0,0,4,32,21,Quite Vacant
2018,8,9,0,0,3,31,21,Quite Vacant
2018,6,9,0,0,2,30,21,Quite Vacant
2018,9,10,0,0,1,29,23,Quite Vacant
2018,5,14,0,0,7,28,42,Quite Crowded
2018,7,14,0,0,6,27,55,Busy
2018,4,10,0,0,5,26,27,Quite Vacant
2018,3,10,0,0,4,25,22,Quite Vacant
2018,6,10,0,0,3,24,22,Quite Vacant
2018,10,13,0,0,2,23,30,Quite Vacant
2018,3,13,0,0,1,22,30,Quite Vacant
2018,12,13,0,0,7,21,35,Crowded
2018,8,14,0,0,6,20,55,Busy
2018,10,11,0,0,5,19,26,Quite Vacant
2018,13,10,0,0,4,18,22,Quite Vacant
2018,11,13,0,0,3,17,30,Quite Vacant
2018,14,10,0,0,2,16,22,Quite Vacant
2018,12,13,0,0,1,15,30,Quite Vacant
2018,7,13,0,0,7,14,35,Crowded
2018,7,14,0,0,6,13,55,Busy
2018,6,13,0,0,5,12,30,Quite Vacant
2018,9,13,0,0,4,11,30,Quite Vacant
2018,10,13,0,0,3,10,30,Quite Vacant
2018,15,13,0,0,2,9,28,Quite Vacant
2018,8,14,1,0,1,8,37,Crowded
2018,10,14,0,1,7,7,58,Busy
2018,10,14,0,1,6,6,55,Busy
2018,6,14,0,1,5,5,59,Busy
2018,9,14,0,1,4,4,58,Busy
2018,8,14,1,1,3,3,58,Busy
2018,10,14,1,1,2,2,58,Busy
2018,13,13,1,1,1,1,53,Busy
2017,5,10,1,1,7,365,46,Quite Crowded
2017,11,14,0,1,6,364,69,Extreme
2017,10,14,0,1,5,363,63,Extreme
2017,9,14,0,1,4,362,40,Crowded
2017,8,14,0,1,3,361,40,Crowded
2017,10,14,0,1,2,360,40,Crowded
2017,15,14,0,1,1,359,47,Quite Crowded
2017,12,14,0,0,7,358,66,Extreme
2017,13,14,1,0,6,357,68,Extreme
2017,11,14,0,0,5,356,39,Crowded
2017,10,14,0,0,4,355,31,Crowded
2017,9,14,0,0,3,354,31,Crowded
2017,12,14,0,0,2,353,31,Crowded
2017,9,14,0,0,1,352,41,Quite Crowded
2017,9,14,0,0,7,351,53,Busy
2017,14,14,0,0,6,350,66,Extreme
2017,9,14,0,0,5,349,39,Crowded
2017,10,14,0,0,4,348,27,Quite Vacant
2017,10,14,0,0,3,347,31,Crowded
2017,10,14,0,0,2,346,31,Crowded
2017,16,14,0,0,1,345,36,Crowded
2017,13,14,0,0,7,344,53,Busy
2017,10,14,0,0,6,343,66,Extreme
2017,6,14,0,0,5,342,39,Crowded
2017,12,13,0,0,4,341,27,Quite Vacant
2017,10,13,0,0,3,340,27,Quite Vacant
2017,14,13,0,0,2,339,27,Quite Vacant
2017,12,13,0,0,1,338,35,Crowded
2017,13,14,0,0,7,337,53,Busy
2017,11,14,0,0,6,336,66,Extreme
2017,9,11,0,0,5,335,29,Quite Vacant
2017,12,13,0,0,4,334,27,Quite Vacant
2017,17,13,0,0,3,333,27,Quite Vacant
2017,14,13,0,0,2,332,27,Quite Vacant
2017,14,14,0,0,1,331,44,Quite Crowded
2017,17,14,0,0,7,330,51,Busy
2017,14,14,0,0,6,329,65,Extreme
2017,13,14,0,0,5,328,56,Busy
2017,14,14,1,0,4,327,62,Extreme
2017,12,14,0,0,3,326,36,Crowded
2017,11,14,0,0,2,325,36,Crowded
2017,10,14,0,0,1,324,59,Busy
2017,12,14,0,0,7,323,63,Extreme
2017,15,14,0,0,6,322,77,Extreme
2017,14,11,0,0,5,321,32,Crowded
2017,16,14,0,0,4,320,36,Crowded
2017,16,14,0,0,3,319,36,Crowded
2017,14,14,0,0,2,318,46,Quite Crowded
2017,17,14,0,0,1,317,61,Extreme
2017,15,14,0,0,7,316,65,Extreme
2017,20,14,0,0,6,315,74,Extreme
2017,17,14,0,0,5,314,39,Crowded
2017,19,14,0,0,4,313,32,Crowded
2017,19,14,0,0,3,312,32,Crowded
2017,21,13,0,0,2,311,21,Quite Vacant
2017,20,14,0,0,1,310,42,Quite Crowded
2017,16,14,0,0,7,309,45,Quite Crowded
2017,21,14,0,0,6,308,69,Extreme
2017,21,14,1,0,5,307,58,Busy
2017,21,14,0,0,4,306,24,Quite Vacant
2017,20,14,0,0,3,305,24,Quite Vacant
2017,16,14,0,0,2,304,34,Crowded
2017,18,14,0,0,1,303,53,Busy
2017,16,14,0,0,7,302,56,Busy
2017,16,14,0,0,6,301,71,Extreme
2017,20,14,0,0,5,300,46,Quite Crowded
2017,19,14,0,0,4,299,38,Crowded
2017,14,14,0,0,3,298,38,Crowded
2017,17,14,0,0,2,297,38,Crowded
2017,22,14,0,0,1,296,56,Busy
2017,18,14,0,0,7,295,62,Extreme
2017,18,14,0,0,6,294,73,Extreme
2017,17,14,0,0,5,293,46,Quite Crowded
2017,12,14,0,0,4,292,38,Crowded
2017,18,14,0,0,3,291,38,Crowded
2017,15,14,0,0,2,290,38,Crowded
2017,13,14,0,0,1,289,53,Busy
2017,16,14,0,0,7,288,59,Busy
2017,15,14,0,0,6,287,73,Extreme
2017,16,14,0,0,5,286,46,Quite Crowded
2017,28,14,0,0,4,285,38,Crowded
2017,21,14,0,0,3,284,38,Crowded
2017,28,14,0,0,2,283,48,Quite Crowded
2017,26,14,1,0,1,282,52,Busy
2017,25,14,0,0,7,281,78,Extreme
2017,22,14,0,0,6,280,69,Extreme
2017,18,11,0,0,5,279,33,Crowded
2017,19,14,0,0,4,278,35,Crowded
2017,20,14,0,0,3,277,35,Crowded
2017,26,14,0,0,2,276,35,Crowded
2017,25,14,0,0,1,275,49,Quite Crowded
2017,25,14,0,0,7,274,53,Busy
2017,23,14,0,0,6,273,63,Extreme
2017,24,13,0,0,5,272,36,Crowded
2017,24,13,0,0,4,271,33,Crowded
2017,27,13,0,0,3,270,33,Crowded
2017,28,13,0,0,2,269,33,Crowded
2017,26,14,0,0,1,268,49,Quite Crowded
2017,26,14,0,0,7,267,55,Busy
2017,23,14,1,0,6,266,56,Busy
2017,27,13,0,0,5,265,36,Crowded
2017,29,13,0,0,4,264,32,Crowded
2017,25,13,0,0,3,263,32,Crowded
2017,28,14,0,0,2,262,39,Crowded
2017,30,14,1,0,1,261,51,Busy
2017,23,14,0,0,7,260,71,Extreme
2017,22,14,0,0,6,259,58,Busy
2017,27,13,0,0,5,258,34,Crowded
2017,29,13,0,0,4,257,30,Quite Vacant
2017,30,13,0,0,3,256,30,Quite Vacant
2017,27,13,0,0,2,255,30,Quite Vacant
2017,30,14,0,0,1,254,43,Quite Crowded
2017,30,14,0,0,7,253,48,Quite Crowded
2017,28,14,0,0,6,252,60,Busy
2017,26,13,0,0,5,251,33,Crowded
2017,24,13,0,0,4,250,22,Quite Vacant
2017,23,13,0,0,3,249,22,Quite Vacant
2017,26,13,0,0,2,248,22,Quite Vacant
2017,23,13,0,0,1,247,25,Quite Vacant
2017,26,14,0,0,7,246,34,Crowded
2017,24,14,0,0,6,245,45,Quite Crowded
2017,24,13,0,0,5,244,25,Quite Vacant
2017,21,14,0,1,4,243,33,Crowded
2017,33,14,0,1,3,242,41,Quite Crowded
2017,31,14,0,1,2,241,46,Quite Crowded
2017,31,14,0,1,1,240,46,Quite Crowded
2017,30,14,0,1,7,239,46,Quite Crowded
2017,31,14,0,1,6,238,46,Quite Crowded
2017,36,14,0,1,5,237,46,Quite Crowded
2017,35,14,0,1,4,236,46,Quite Crowded
2017,35,14,0,1,3,235,46,Quite Crowded
2017,31,14,0,1,2,234,46,Quite Crowded
2017,31,14,0,1,1,233,46,Quite Crowded
2017,29,14,0,1,7,232,46,Quite Crowded
2017,28,14,0,1,6,231,46,Quite Crowded
2017,31,14,0,1,5,230,46,Quite Crowded
2017,28,14,0,1,4,229,46,Quite Crowded
2017,23,14,0,1,3,228,49,Quite Crowded
2017,26,14,0,1,2,227,52,Busy
2017,25,14,0,1,1,226,62,Extreme
2017,30,14,0,1,7,225,62,Extreme
2017,27,14,0,1,6,224,62,Extreme
2017,24,14,1,1,5,223,62,Extreme
2017,27,14,0,1,4,222,48,Quite Crowded
2017,36,14,0,1,3,221,38,Crowded
2017,32,14,0,1,2,220,38,Crowded
2017,33,14,0,1,1,219,38,Crowded
2017,32,14,0,1,7,218,38,Crowded
2017,31,14,0,1,6,217,38,Crowded
2017,29,14,0,1,5,216,38,Crowded
2017,27,14,0,1,4,215,38,Crowded
2017,25,14,0,1,3,214,38,Crowded
2017,30,14,0,1,2,213,38,Crowded
2017,33,14,0,1,1,212,38,Crowded
2017,29,14,0,1,7,211,38,Crowded
2017,30,14,0,1,6,210,38,Crowded
2017,32,14,0,1,5,209,34,Crowded
2017,24,14,0,1,4,208,34,Crowded
2017,24,14,0,1,3,207,34,Crowded
2017,31,14,0,1,2,206,34,Crowded
2017,30,14,0,1,1,205,34,Crowded
2017,28,14,0,1,7,204,43,Quite Crowded
2017,32,14,0,1,6,203,56,Busy
2017,33,14,0,1,5,202,35,Crowded
2017,32,13,0,1,4,201,26,Quite Vacant
2017,31,13,0,0,3,200,26,Quite Vacant
2017,30,13,0,0,2,199,31,Crowded
2017,33,14,1,0,1,198,44,Quite Crowded
2017,33,14,0,0,7,197,61,Extreme
2017,33,14,0,0,6,196,51,Busy
2017,32,13,0,0,5,195,34,Crowded
2017,30,13,0,0,4,194,27,Quite Vacant
2017,30,13,0,0,3,193,27,Quite Vacant
2017,31,13,0,0,2,192,27,Quite Vacant
2017,32,13,0,0,1,191,27,Quite Vacant
2017,32,14,0,0,7,190,33,Crowded
2017,33,14,0,0,6,189,44,Quite Crowded
2017,31,13,0,0,5,188,24,Quite Vacant
2017,30,13,0,0,4,187,22,Quite Vacant
2017,32,13,0,0,3,186,22,Quite Vacant
2017,32,13,0,0,2,185,22,Quite Vacant
2017,32,13,0,0,1,184,25,Quite Vacant
2017,31,14,0,0,7,183,34,Crowded
2017,25,14,0,0,6,182,45,Quite Crowded
2017,25,13,0,0,5,181,25,Quite Vacant
2017,29,13,0,0,4,180,22,Quite Vacant
2017,25,13,0,0,3,179,22,Quite Vacant
2017,25,13,0,0,2,178,22,Quite Vacant
2017,26,14,0,0,1,177,33,Crowded
2017,24,14,0,0,7,176,35,Crowded
2017,29,14,0,0,6,175,44,Quite Crowded
2017,30,13,0,0,5,174,27,Quite Vacant
2017,28,13,0,0,4,173,22,Quite Vacant
2017,24,13,0,0,3,172,22,Quite Vacant
2017,27,13,0,0,2,171,22,Quite Vacant
2017,28,14,0,0,1,170,39,Crowded
2017,21,14,0,0,7,169,36,Crowded
2017,25,14,0,0,6,168,44,Quite Crowded
2017,30,13,0,0,5,167,27,Quite Vacant
2017,26,13,0,0,4,166,32,Crowded
2017,23,13,0,0,3,165,22,Quite Vacant
2017,18,13,0,0,2,164,22,Quite Vacant
2017,24,14,0,0,1,163,41,Quite Crowded
2017,24,14,0,0,7,162,37,Crowded
2017,28,14,0,0,6,161,44,Quite Crowded
2017,27,13,0,0,5,160,26,Quite Vacant
2017,23,13,0,0,4,159,22,Quite Vacant
2017,23,13,0,0,3,158,22,Quite Vacant
2017,25,13,0,0,2,157,22,Quite Vacant
2017,24,14,0,0,1,156,38,Crowded
2017,26,14,0,0,7,155,36,Crowded
2017,26,14,0,0,6,154,44,Quite Crowded
2017,27,13,0,0,5,153,31,Crowded
2017,26,13,0,0,4,152,22,Quite Vacant
2017,26,13,0,0,3,151,22,Quite Vacant
2017,28,13,0,0,2,150,22,Quite Vacant
2017,26,14,0,0,1,149,43,Quite Crowded
2017,26,14,0,0,7,148,38,Crowded
2017,26,14,0,0,6,147,44,Quite Crowded
2017,21,13,0,0,5,146,27,Quite Vacant
2017,23,13,0,0,4,145,22,Quite Vacant
2017,25,13,0,0,3,144,22,Quite Vacant
2017,25,13,0,0,2,143,22,Quite Vacant
2017,26,14,0,0,1,142,40,Crowded
2017,30,14,0,0,7,141,38,Crowded
2017,28,14,0,0,6,140,44,Quite Crowded
2017,26,13,0,0,5,139,27,Quite Vacant
2017,22,13,0,0,4,138,22,Quite Vacant
2017,18,13,0,0,3,137,22,Quite Vacant
2017,22,13,0,0,2,136,22,Quite Vacant
2017,20,14,0,0,1,135,33,Crowded
2017,19,14,0,0,7,134,34,Crowded
2017,19,14,0,0,6,133,44,Quite Crowded
2017,27,13,0,0,5,132,27,Quite Vacant
2017,26,13,0,0,4,131,22,Quite Vacant
2017,16,13,0,0,3,130,22,Quite Vacant
2017,22,13,0,0,2,129,22,Quite Vacant
2017,26,13,0,0,1,128,28,Quite Vacant
2017,24,14,0,0,7,127,43,Quite Crowded
2017,25,14,0,0,6,126,60,Busy
2017,25,14,1,0,5,125,60,Busy
2017,21,14,1,0,4,124,60,Busy
2017,21,14,1,0,3,123,50,Quite Crowded
2017,22,14,0,0,2,122,40,Crowded
2017,24,14,0,0,1,121,40,Crowded
2017,22,14,0,0,7,120,40,Crowded
2017,21,14,1,0,6,119,55,Busy
2017,20,14,0,0,5,118,33,Crowded
2017,17,13,0,0,4,117,22,Quite Vacant
2017,18,13,0,0,3,116,22,Quite Vacant
2017,19,13,0,0,2,115,22,Quite Vacant
2017,17,14,0,0,1,114,35,Crowded
2017,18,14,0,0,7,113,33,Crowded
2017,18,14,0,0,6,112,44,Quite Crowded
2017,18,14,0,0,5,111,28,Quite Vacant
2017,20,13,0,0,4,110,22,Quite Vacant
2017,24,13,0,0,3,109,22,Quite Vacant
2017,22,13,0,0,2,108,22,Quite Vacant
2017,24,14,0,0,1,107,35,Crowded
2017,23,14,0,0,7,106,33,Crowded
2017,20,14,0,0,6,105,44,Quite Crowded
2017,20,13,0,0,5,104,28,Quite Vacant
2017,16,13,0,0,4,103,22,Quite Vacant
2017,21,13,0,1,3,102,22,Quite Vacant
2017,12,13,0,1,2,101,22,Quite Vacant
2017,14,13,0,1,1,100,28,Quite Vacant
2017,16,14,0,1,7,99,33,Crowded
2017,17,14,0,1,6,98,32,Crowded
2017,18,14,0,1,5,97,32,Crowded
2017,19,14,0,1,4,96,39,Crowded
2017,18,14,0,1,3,95,50,Quite Crowded
2017,16,14,0,1,2,94,50,Quite Crowded
2017,15,14,0,1,1,93,55,Busy
2017,12,14,0,1,7,92,57,Busy
2017,8,14,0,1,6,91,58,Busy
2017,11,14,0,1,5,90,70,Extreme
2017,16,14,0,1,4,89,66,Extreme
2017,13,14,0,1,3,88,66,Extreme
2017,13,14,0,1,2,87,66,Extreme
2017,6,14,0,1,1,86,71,Extreme
2017,8,14,0,0,7,85,60,Busy
2017,12,14,0,0,6,84,58,Busy
2017,12,14,0,0,5,83,64,Extreme
2017,14,14,0,0,4,82,60,Busy
2017,14,14,0,0,3,81,60,Busy
2017,10,14,0,0,2,80,60,Busy
2017,16,14,1,0,1,79,53,Busy
2017,17,14,0,0,7,78,69,Extreme
2017,15,14,0,0,6,77,64,Extreme
2017,13,14,0,0,5,76,51,Busy
2017,13,14,0,0,4,75,46,Quite Crowded
2017,6,14,0,0,3,74,49,Quite Crowded
2017,11,14,0,0,2,73,46,Quite Crowded
2017,12,14,0,0,1,72,42,Quite Crowded
2017,11,14,0,0,7,71,52,Busy
2017,11,14,0,0,6,70,50,Quite Crowded
2017,13,14,0,0,5,69,43,Quite Crowded
2017,12,14,0,0,4,68,47,Quite Crowded
2017,10,14,0,0,3,67,47,Quite Crowded
2017,10,14,0,0,2,66,47,Quite Crowded
2017,10,14,0,0,1,65,41,Quite Crowded
2017,16,14,0,0,7,64,51,Busy
2017,13,14,0,0,6,63,52,Busy
2017,14,14,0,0,5,62,37,Crowded
2017,8,14,0,0,4,61,43,Quite Crowded
2017,11,14,0,0,3,60,44,Quite Crowded
2017,8,14,0,0,2,59,43,Quite Crowded
2017,7,14,0,0,1,58,42,Quite Crowded
2017,13,14,0,0,7,57,42,Quite Crowded
2017,12,14,0,0,6,56,60,Busy
2017,10,14,0,0,5,55,38,Crowded
2017,16,14,0,0,4,54,37,Crowded
2017,10,14,0,0,3,53,36,Crowded
2017,8,14,0,0,2,52,36,Crowded
2017,16,14,0,0,1,51,36,Crowded
2017,10,14,0,0,7,50,42,Quite Crowded
2017,9,14,0,0,6,49,55,Busy
2017,17,14,0,0,5,48,37,Crowded
2017,12,14,0,0,4,47,37,Crowded
2017,12,14,0,0,3,46,38,Crowded
2017,10,14,0,0,2,45,38,Crowded
2017,11,14,0,0,1,44,38,Crowded
2017,10,14,0,0,7,43,42,Quite Crowded
2017,8,14,1,0,6,42,50,Quite Crowded
2017,8,14,0,0,5,41,36,Crowded
2017,3,14,0,0,4,40,33,Crowded
2017,10,14,0,0,3,39,36,Crowded
2017,9,14,0,0,2,38,36,Crowded
2017,14,14,0,0,1,37,35,Crowded
2017,13,14,0,0,7,36,55,Busy
2017,9,14,0,0,6,35,43,Quite Crowded
2017,12,14,0,0,5,34,37,Crowded
2017,9,14,0,0,4,33,40,Crowded
2017,10,14,0,0,3,32,40,Crowded
2017,10,14,0,0,2,31,38,Crowded
2017,18,14,0,0,1,30,39,Crowded
2017,12,14,0,0,7,29,40,Crowded
2017,13,14,0,0,6,28,57,Busy
2017,14,13,0,0,5,27,32,Crowded
2017,10,13,0,0,4,26,30,Quite Vacant
2017,8,13,0,0,3,25,30,Quite Vacant
2017,7,13,0,0,2,24,30,Quite Vacant
2017,7,13,0,0,1,23,30,Quite Vacant
2017,12,14,0,0,7,22,38,Crowded
2017,10,14,0,0,6,21,55,Busy
2017,3,10,0,0,5,20,29,Quite Vacant
2017,11,9,0,0,4,19,20,Vacant
2017,10,9,0,0,3,18,22,Quite Vacant
2017,10,9,0,0,2,17,22,Quite Vacant
2017,7,11,0,0,1,16,25,Quite Vacant
2017,4,13,0,0,7,15,35,Crowded
2017,6,14,0,0,6,14,55,Busy
2017,11,10,0,0,5,13,27,Quite Vacant
2017,11,9,0,0,4,12,16,Vacant
2017,10,9,0,0,3,11,16,Vacant
2017,12,11,0,0,2,10,19,Vacant
2017,10,14,1,0,1,9,38,Crowded
2017,6,14,0,0,7,8,58,Busy
2017,9,13,0,1,6,7,46,Quite Crowded
2017,7,10,0,1,5,6,45,Quite Crowded
2017,10,11,0,1,4,5,46,Quite Crowded
2017,13,14,0,1,3,4,60,Busy
2017,13,14,0,1,2,3,63,Extreme
2017,13,14,1,1,1,2,63,Extreme
2017,13,13,1,1,7,1,58,Busy
2016,11,10,0,1,6,366,46,Quite Crowded
2016,9,14,0,1,5,365,60,Busy
2016,9,14,0,1,4,364,60,Busy
2016,9,14,0,1,3,363,40,Crowded
2016,18,14,0,1,2,362,40,Crowded
2016,10,14,0,1,1,361,40,Crowded
2016,10,14,0,1,7,360,49,Quite Crowded
2016,12,14,0,0,6,359,66,Extreme
2016,19,14,1,0,5,358,58,Busy
2016,20,13,0,0,4,357,26,Quite Vacant
2016,17,13,0,0,3,356,26,Quite Vacant
2016,14,13,0,0,2,355,26,Quite Vacant
2016,15,13,0,0,1,354,34,Crowded
2016,13,14,0,0,7,353,50,Quite Crowded
2016,12,14,0,0,6,352,63,Extreme
2016,10,14,0,0,5,351,35,Crowded
2016,9,14,0,0,4,350,27,Quite Vacant
2016,9,14,0,0,3,349,27,Quite Vacant
2016,14,14,0,0,2,348,27,Quite Vacant
2016,10,14,0,0,1,347,36,Crowded
2016,10,14,0,0,7,346,50,Quite Crowded
2016,12,14,0,0,6,345,63,Extreme
2016,16,14,0,0,5,344,35,Crowded
2016,13,13,0,0,4,343,27,Quite Vacant
2016,10,13,0,0,3,342,27,Quite Vacant
2016,16,13,0,0,2,341,27,Quite Vacant
2016,18,13,0,0,1,340,35,Crowded
2016,16,14,0,0,7,339,50,Quite Crowded
2016,15,14,0,0,6,338,63,Extreme
2016,16,10,0,0,5,337,29,Quite Vacant
2016,17,13,0,0,4,336,27,Quite Vacant
2016,11,13,0,0,3,335,27,Quite Vacant
2016,14,13,0,0,2,334,27,Quite Vacant
2016,14,14,0,0,1,333,37,Crowded
2016,12,14,0,0,7,332,50,Quite Crowded
2016,13,14,0,0,6,331,63,Extreme
2016,10,10,0,0,5,330,32,Crowded
2016,2,13,0,0,4,329,30,Quite Vacant
2016,11,14,1,0,3,328,58,Busy
2016,19,13,0,0,2,327,35,Crowded
2016,14,14,0,0,1,326,48,Quite Crowded
2016,20,14,0,0,7,325,63,Extreme
2016,11,14,0,0,6,324,71,Extreme
2016,17,13,0,0,5,323,40,Crowded
2016,18,13,0,0,4,322,30,Quite Vacant
2016,15,13,0,0,3,321,30,Quite Vacant
2016,19,13,0,0,2,320,30,Quite Vacant
2016,16,14,0,0,1,319,63,Extreme
2016,19,14,0,0,7,318,67,Extreme
2016,18,14,0,0,6,317,71,Extreme
2016,12,14,0,0,5,316,44,Quite Crowded
2016,11,14,0,0,4,315,36,Crowded
2016,14,14,0,0,3,314,36,Crowded
2016,13,14,0,0,2,313,36,Crowded
2016,13,14,0,0,1,312,40,Crowded
2016,20,14,0,0,7,311,47,Quite Crowded
2016,19,14,0,0,6,310,57,Busy
2016,18,14,0,0,5,309,46,Quite Crowded
2016,18,14,1,0,4,308,55,Busy
2016,11,14,0,0,3,307,22,Quite Vacant
2016,16,14,0,0,2,306,22,Quite Vacant
2016,18,14,0,0,1,305,57,Busy
2016,13,14,0,0,7,304,61,Extreme
2016,20,14,0,0,6,303,72,Extreme
2016,13,14,0,0,5,302,52,Busy
2016,24,14,0,0,4,301,39,Crowded
2016,25,14,0,0,3,300,39,Crowded
2016,18,14,0,0,2,299,39,Crowded
2016,19,14,0,0,1,298,54,Busy
2016,21,14,0,0,7,297,55,Busy
2016,18,14,0,0,6,296,66,Extreme
2016,21,14,0,0,5,295,44,Quite Crowded
2016,28,14,0,0,4,294,36,Crowded
2016,23,14,0,0,3,293,36,Crowded
2016,26,14,0,0,2,292,36,Crowded
2016,20,14,0,0,1,291,54,Busy
2016,24,14,0,0,7,290,55,Busy
2016,23,14,0,0,6,289,66,Extreme
2016,19,10,0,0,5,288,33,Crowded
2016,17,14,0,0,4,287,36,Crowded
2016,23,14,0,0,3,286,36,Crowded
2016,20,14,0,0,2,285,54,Busy
2016,19,14,1,0,1,284,53,Busy
2016,25,14,0,0,7,283,74,Extreme
2016,25,14,0,0,6,282,66,Extreme
2016,24,14,0,0,5,281,41,Quite Crowded
2016,32,14,0,0,4,280,33,Crowded
2016,26,14,0,0,3,279,33,Crowded
2016,30,14,0,0,2,278,33,Crowded
2016,26,14,0,0,1,277,50,Quite Crowded
2016,28,14,0,0,7,276,55,Busy
2016,20,14,0,0,6,275,71,Extreme
2016,23,14,0,0,5,274,41,Quite Crowded
2016,28,14,0,0,4,273,37,Crowded
2016,29,14,0,0,3,272,38,Crowded
2016,29,14,0,0,2,271,37,Crowded
2016,29,14,0,0,1,270,52,Busy
2016,28,14,0,0,7,269,54,Busy
2016,24,14,0,0,6,268,65,Extreme
2016,22,14,0,0,5,267,39,Crowded
2016,20,14,1,0,4,266,49,Quite Crowded
2016,23,14,0,0,3,265,31,Crowded
2016,21,14,0,0,2,264,36,Crowded
2016,23,14,1,0,1,263,47,Quite Crowded
2016,26,14,0,0,7,262,67,Extreme
2016,29,14,0,0,6,261,60,Busy
2016,25,13,0,0,5,260,34,Crowded
2016,27,13,0,0,4,259,33,Crowded
2016,26,14,0,0,3,258,37,Crowded
2016,24,14,0,0,2,257,35,Crowded
2016,26,14,0,0,1,256,46,Quite Crowded
2016,23,14,0,0,7,255,53,Busy
2016,30,14,0,0,6,254,68,Extreme
2016,30,13,0,0,5,253,34,Crowded
2016,32,13,0,0,4,252,22,Quite Vacant
2016,28,13,0,0,3,251,22,Quite Vacant
2016,31,13,0,0,2,250,22,Quite Vacant
2016,32,13,0,0,1,249,25,Quite Vacant
2016,31,14,0,0,7,248,34,Crowded
2016,30,14,0,0,6,247,45,Quite Crowded
2016,31,13,0,0,5,246,25,Quite Vacant
2016,31,13,0,0,4,245,22,Quite Vacant
2016,30,14,0,1,3,244,37,Crowded
2016,29,14,0,1,2,243,46,Quite Crowded
2016,30,14,0,1,1,242,46,Quite Crowded
2016,24,14,0,1,7,241,46,Quite Crowded
2016,26,14,0,1,6,240,46,Quite Crowded
2016,33,14,0,1,5,239,46,Quite Crowded
2016,31,14,0,1,4,238,46,Quite Crowded
2016,29,14,0,1,3,237,46,Quite Crowded
2016,29,14,0,1,2,236,46,Quite Crowded
2016,27,14,0,1,1,235,46,Quite Crowded
2016,33,14,0,1,7,234,46,Quite Crowded
2016,30,14,0,1,6,233,46,Quite Crowded
2016,30,14,0,1,5,232,46,Quite Crowded
2016,31,14,0,1,4,231,46,Quite Crowded
2016,32,14,0,1,3,230,46,Quite Crowded
2016,32,14,0,1,2,229,46,Quite Crowded
2016,30,14,0,1,1,228,59,Busy
2016,30,14,0,1,7,227,62,Extreme
2016,30,14,0,1,6,226,62,Extreme
2016,30,14,0,1,5,225,62,Extreme
2016,29,14,1,1,4,224,62,Extreme
2016,32,14,0,1,3,223,56,Busy
2016,38,14,0,1,2,222,46,Quite Crowded
2016,32,14,0,1,1,221,46,Quite Crowded
2016,32,14,0,1,7,220,38,Crowded
2016,34,14,0,1,6,219,38,Crowded
2016,33,14,0,1,5,218,38,Crowded
2016,32,14,0,1,4,217,38,Crowded
2016,32,14,0,1,3,216,38,Crowded
2016,29,14,0,1,2,215,38,Crowded
2016,31,14,0,1,1,214,38,Crowded
2016,30,14,0,1,7,213,38,Crowded
2016,32,14,0,1,6,212,38,Crowded
2016,32,14,0,1,5,211,38,Crowded
2016,30,14,0,1,4,210,38,Crowded
2016,27,14,0,1,3,209,38,Crowded
2016,26,14,0,1,2,208,38,Crowded
2016,28,14,0,1,1,207,38,Crowded
2016,28,14,0,1,7,206,38,Crowded
2016,26,14,0,1,6,205,38,Crowded
2016,23,14,0,1,5,204,34,Crowded
2016,22,14,0,1,4,203,34,Crowded
2016,29,14,0,1,3,202,34,Crowded
2016,32,14,0,0,2,201,39,Crowded
2016,32,14,1,0,1,200,36,Crowded
2016,28,14,0,0,7,199,55,Busy
2016,26,14,0,0,6,198,51,Busy
2016,24,14,0,0,5,197,36,Crowded
2016,31,14,0,0,4,196,28,Quite Vacant
2016,27,14,0,0,3,195,28,Quite Vacant
2016,29,14,0,0,2,194,28,Quite Vacant
2016,33,14,0,0,1,193,37,Crowded
2016,30,14,0,0,7,192,43,Quite Crowded
2016,23,14,0,0,6,191,56,Busy
2016,30,13,0,0,5,190,24,Quite Vacant
2016,35,13,0,0,4,189,22,Quite Vacant
2016,27,13,0,0,3,188,22,Quite Vacant
2016,22,13,0,0,2,187,22,Quite Vacant
2016,34,13,0,0,1,186,25,Quite Vacant
2016,31,14,0,0,7,185,31,Crowded
2016,29,14,0,0,6,184,45,Quite Crowded
2016,29,13,0,0,5,183,30,Quite Vacant
2016,27,13,0,0,4,182,22,Quite Vacant
2016,24,13,0,0,3,181,22,Quite Vacant
2016,20,13,0,0,2,180,22,Quite Vacant
2016,29,13,0,0,1,179,28,Quite Vacant
2016,30,14,0,0,7,178,38,Crowded
2016,26,14,0,0,6,177,47,Quite Crowded
2016,25,13,0,0,5,176,29,Quite Vacant
2016,26,13,0,0,4,175,24,Quite Vacant
2016,23,13,0,0,3,174,24,Quite Vacant
2016,26,13,0,0,2,173,24,Quite Vacant
2016,28,13,0,0,1,172,35,Crowded
2016,27,14,0,0,7,171,39,Crowded
2016,32,14,0,0,6,170,47,Quite Crowded
2016,29,13,0,0,5,169,29,Quite Vacant
2016,24,13,0,0,4,168,24,Quite Vacant
2016,22,13,0,0,3,167,34,Crowded
2016,26,13,0,0,2,166,24,Quite Vacant
2016,21,13,0,0,1,165,38,Crowded
2016,28,14,0,0,7,164,39,Crowded
2016,29,14,0,0,6,163,46,Quite Crowded
2016,29,13,0,0,5,162,29,Quite Vacant
2016,24,13,0,0,4,161,24,Quite Vacant
2016,25,13,0,0,3,160,24,Quite Vacant
2016,22,13,0,0,2,159,24,Quite Vacant
2016,23,13,0,0,1,158,33,Crowded
2016,21,14,0,0,7,157,36,Crowded
2016,25,14,0,0,6,156,44,Quite Crowded
2016,23,13,0,0,5,155,26,Quite Vacant
2016,26,13,0,0,4,154,27,Quite Vacant
2016,26,13,0,0,3,153,22,Quite Vacant
2016,25,13,0,0,2,152,22,Quite Vacant
2016,17,14,0,0,1,151,43,Quite Crowded
2016,27,14,0,0,7,150,40,Crowded
2016,24,14,0,0,6,149,44,Quite Crowded
2016,22,13,0,0,5,148,27,Quite Vacant
2016,26,13,0,0,4,147,22,Quite Vacant
2016,24,13,1,0,3,146,22,Quite Vacant
2016,28,13,1,0,2,145,22,Quite Vacant
2016,30,14,1,0,1,144,44,Quite Crowded
2016,28,14,0,0,7,143,38,Crowded
2016,24,14,0,0,6,142,44,Quite Crowded
2016,19,13,0,0,5,141,27,Quite Vacant
2016,23,13,0,0,4,140,22,Quite Vacant
2016,25,13,0,0,3,139,22,Quite Vacant
2016,21,13,0,0,2,138,22,Quite Vacant
2016,24,13,0,0,1,137,31,Crowded
2016,21,14,0,0,7,136,34,Crowded
2016,22,14,0,0,6,135,44,Quite Crowded
2016,25,13,0,0,5,134,27,Quite Vacant
2016,26,13,0,0,4,133,22,Quite Vacant
2016,24,13,0,0,3,132,22,Quite Vacant
2016,23,13,0,0,2,131,22,Quite Vacant
2016,22,13,0,0,1,130,28,Quite Vacant
2016,26,13,0,0,7,129,33,Crowded
2016,23,14,0,0,6,128,44,Quite Crowded
2016,22,13,0,0,5,127,34,Crowded
2016,26,14,0,0,4,126,59,Busy
2016,24,14,1,0,3,125,63,Extreme
2016,23,14,0,0,2,124,60,Busy
2016,22,13,0,0,1,123,42,Quite Crowded
2016,24,14,0,0,7,122,40,Crowded
2016,20,14,0,0,6,121,46,Quite Crowded
2016,19,14,1,0,5,120,40,Crowded
2016,15,14,0,0,4,119,23,Quite Vacant
2016,21,14,0,0,3,118,23,Quite Vacant
2016,24,14,0,0,2,117,23,Quite Vacant
2016,22,14,0,0,1,116,30,Quite Vacant
2016,19,14,0,0,7,115,33,Crowded
2016,23,14,0,0,6,114,44,Quite Crowded
2016,21,14,0,0,5,113,28,Quite Vacant
2016,20,13,0,0,4,112,22,Quite Vacant
2016,18,13,0,0,3,111,22,Quite Vacant
2016,21,13,0,0,2,110,22,Quite Vacant
2016,23,14,0,0,1,109,30,Quite Vacant
2016,21,14,0,0,7,108,33,Crowded
2016,20,14,0,0,6,107,44,Quite Crowded
2016,20,13,0,0,5,106,26,Quite Vacant
2016,18,14,0,1,4,105,24,Quite Vacant
2016,20,14,0,1,3,104,24,Quite Vacant
2016,14,13,0,1,2,103,22,Quite Vacant
2016,16,13,0,1,1,102,28,Quite Vacant
2016,24,14,0,1,7,101,33,Crowded
2016,21,14,0,1,6,100,32,Crowded
2016,21,13,0,1,5,99,31,Crowded
2016,20,13,0,1,4,98,30,Quite Vacant
2016,19,13,0,1,3,97,30,Quite Vacant
2016,12,13,0,1,2,96,30,Quite Vacant
2016,20,14,0,1,1,95,40,Crowded
2016,17,14,0,1,7,94,57,Busy
2016,12,14,0,1,6,93,55,Busy
2016,16,14,0,1,5,92,67,Extreme
2016,19,14,0,1,4,91,66,Extreme
2016,18,14,0,1,3,90,66,Extreme
2016,17,14,0,1,2,89,66,Extreme
2016,14,14,0,1,1,88,71,Extreme
2016,14,14,0,1,7,87,63,Extreme
2016,11,14,0,0,6,86,61,Extreme
2016,12,14,0,0,5,85,74,Extreme
2016,8,14,0,0,4,84,70,Extreme
2016,16,14,0,0,3,83,70,Extreme
2016,16,14,0,0,2,82,70,Extreme
2016,12,14,1,0,1,81,60,Busy
2016,16,14,0,0,7,80,82,Extreme
2016,16,14,0,0,6,79,76,Extreme
2016,19,14,0,0,5,78,67,Extreme
2016,20,14,0,0,4,77,62,Extreme
2016,14,14,0,0,3,76,61,Extreme
2016,13,14,0,0,2,75,61,Extreme
2016,7,14,0,0,1,74,54,Busy
2016,8,14,0,0,7,73,52,Busy
2016,7,14,0,0,6,72,59,Busy
2016,5,14,0,0,5,71,52,Busy
2016,7,14,0,0,4,70,60,Busy
2016,11,14,0,0,3,69,59,Busy
2016,20,14,0,0,2,68,59,Busy
2016,16,14,0,0,1,67,54,Busy
2016,16,14,0,0,7,66,52,Busy
2016,14,14,0,0,6,65,52,Busy
2016,15,14,0,0,5,64,45,Quite Crowded
2016,15,14,0,0,4,63,52,Busy
2016,11,14,0,0,3,62,51,Busy
2016,8,14,0,0,2,61,50,Quite Crowded
2016,13,14,0,0,1,60,50,Quite Crowded
2016,13,14,0,0,7,59,42,Quite Crowded
2016,11,14,0,0,6,58,55,Busy
2016,10,14,0,0,5,57,40,Crowded
2016,7,14,0,0,4,56,39,Crowded
2016,7,14,0,0,3,55,36,Crowded
2016,11,13,0,0,2,54,32,Crowded
2016,9,14,0,0,1,53,38,Crowded
2016,14,14,0,0,7,52,42,Quite Crowded
2016,10,14,0,0,6,51,55,Busy
2016,15,14,0,0,5,50,42,Quite Crowded
2016,10,14,0,0,4,49,41,Quite Crowded
2016,11,14,0,0,3,48,43,Quite Crowded
2016,9,14,0,0,2,47,43,Quite Crowded
2016,11,14,0,0,1,46,43,Quite Crowded
2016,20,14,0,0,7,45,42,Quite Crowded
2016,17,14,0,0,6,44,57,Busy
2016,11,14,0,0,5,43,43,Quite Crowded
2016,10,14,0,0,4,42,50,Quite Crowded
2016,9,14,0,0,3,41,54,Busy
2016,12,14,0,0,2,40,46,Quite Crowded
2016,10,13,0,0,1,39,36,Crowded
2016,9,14,0,0,7,38,44,Quite Crowded
2016,8,14,0,0,6,37,55,Busy
2016,12,13,0,0,5,36,32,Crowded
2016,9,13,0,0,4,35,34,Crowded
2016,8,13,0,0,3,34,35,Crowded
2016,10,13,0,0,2,33,33,Crowded
2016,6,14,0,0,1,32,35,Crowded
2016,10,14,0,0,7,31,42,Quite Crowded
2016,5,14,0,0,6,30,55,Busy
2016,7,13,0,0,5,29,30,Quite Vacant
2016,13,13,0,0,4,28,30,Quite Vacant
2016,11,13,0,0,3,27,30,Quite Vacant
2016,8,13,0,0,2,26,30,Quite Vacant
2016,7,13,0,0,1,25,30,Quite Vacant
2016,8,14,0,0,7,24,42,Quite Crowded
2016,5,14,0,0,6,23,55,Busy
2016,10,13,0,0,5,22,30,Quite Vacant
2016,9,13,0,0,4,21,30,Quite Vacant
2016,8,13,0,0,3,20,30,Quite Vacant
2016,8,9,0,0,2,19,20,Vacant
2016,6,11,0,0,1,18,27,Quite Vacant
2016,8,14,0,0,7,17,40,Crowded
2016,11,14,0,0,6,16,55,Busy
2016,10,10,0,0,5,15,26,Quite Vacant
2016,11,9,0,0,4,14,20,Vacant
2016,9,9,0,0,3,13,20,Vacant
2016,3,9,0,0,2,12,20,Vacant
2016,9,19,0,0,1,11,35,Crowded
2016,12,14,0,0,7,10,60,Busy
2016,10,14,0,0,6,9,55,Busy
2016,11,10,0,0,5,8,20,Vacant
2016,12,9,0,1,4,7,22,Quite Vacant
2016,10,9,0,1,3,6,26,Quite Vacant
2016,15,11,0,1,2,5,39,Crowded
2016,16,14,0,1,1,4,50,Quite Crowded
2016,16,14,0,1,7,3,63,Extreme
2016,12,14,0,1,6,2,63,Extreme
2016,12,13,0,1,5,1,58,Busy
